first_name,title,company,has_email,has_phone,apollo_id,contact_email,reoon_status,verify_action,verify_reason,opener,email_draft
Kiara,Capture Manager - Government Contracting,Modernized Mobile LLC,True,Maybe: please request direct dial via people/bulk_match,63ac5a9458b4c70001bd377c,kiara@modernizedmobile.com,safe,pass,"deliverable, safe to send","With the Pentagon pausing CMMC Phase II, capture teams like yours at Modernized Mobile LLC face shifting compliance priorities just as the DoD commits $32B to AI, cloud, and cyber investments. Identifying the right opportunities in this evolving landscape is critical for your upcoming bids.","Hi Kiara,

With the Pentagon pausing CMMC Phase II, capture teams like yours at Modernized Mobile LLC face shifting compliance priorities just as the DoD commits $32B to AI, cloud, and cyber investments. Identifying the right opportunities in this evolving landscape is critical for your upcoming bids.

OryonIQ flags the pursuits that fit your NAICS and SDB status before the RFP drops, so you're bidding while everyone else is still searching.

Want the three it's surfacing for a firm like yours? https://www.visioneerit.com/contact

Ellen
OryonIQ, VisioneerIT"
